---
layout: mypost
title: mysql 基本概念 和 数据类型
categories: [mysql,java充电社]
---

数据库常见的概念
--------

**DB**：数据库，存储数据的容器。

**DBMS**：数据库管理系统，又称为数据库软件或数据库产品，用于创建或管理DB。

**SQL**：结构化查询语言，用于和数据库通信的语言，不是某个数据库软件持有的，而是几乎所有的主流数据库软件通用的语言。中国人之间交流需要说汉语，和美国人之间交流需要说英语，和数据库沟通需要说SQL语言。

数据库存储数据的一些特点
------------

*   数据存放在表中，然后表存放在数据库中
    
*   一个库中可以有多张表，每张表具有唯一的名称（表名）来标识自己
    
*   表中有一个或多个列，列又称为“字段”，相当于java中的“属性”
    
*   表中每一行数据，相当于java中的“对象”
    

window中安装mysql
--------------

官网下载mysql5.7.25：`https://dev.mysql.com/downloads/mysql/5.7.html#downloads`

**win10安装mysql5.7详细步骤可以看：`http://itsoku.com/course/3/211`**

mysql常用的一些命令
------------

### mysql启动2种方式

**方式1：** 

cmd中运行`services.msc`

![](https://itsoku.oss-cn-hangzhou.aliyuncs.com/itsoku/blog/article/35/d2024d07-736b-40f7-af86-3657c6640e5b.png)

会打开服务窗口，在服务窗口中找到mysql服务，点击右键可以启动或者停止

![](https://itsoku.oss-cn-hangzhou.aliyuncs.com/itsoku/blog/article/35/6fc27a24-2994-4d6a-989f-30087c683d9e.png)

![](https://itsoku.oss-cn-hangzhou.aliyuncs.com/itsoku/blog/article/35/08d69c93-abb7-4ad5-b3e4-d199603254e4.png)

**方式2**

以管理员身份运行cmd命令

![](https://itsoku.oss-cn-hangzhou.aliyuncs.com/itsoku/blog/article/35/84a01ee3-5d8d-4ff0-9a8d-704d7d7eb461.png)

**停止命令：net stop mysql**

**启动命令：net start mysql**

```


1.  `C:\Windows\system32>net stop mysql`
2.  `mysql 服务正在停止.`
3.  `mysql 服务已成功停止。`

6.  `C:\Windows\system32>net start mysql`
7.  `mysql 服务正在启动  .`
8.  `mysql 服务已经启动成功。`


```

**注意：命令后面没有结束符号**

### mysql登录命令

> mysql -h ip -P 端口 -u 用户名 -p

```


1.  `C:\Windows\system32>mysql -h localhost -P 3306  -u root -p`
2.  `Enter password:  *******`
3.  `Welcome to the MySQL monitor.  Commands  end  with  ;  or \g.`
4.  `Your  MySQL connection id is  10`
5.  `Server version:  5.7.25-log MySQL  Community  Server  (GPL)`

7.  `Copyright  (c)  2000,  2019,  Oracle  and/or its affiliates.  All rights reserved.`

9.  `Oracle  is a registered trademark of Oracle  Corporation  and/or its`
10.  `affiliates.  Other names may be trademarks of their respective`
11.  `owners.`

13.  `Type  'help;'  or  '\h'  for help.  Type  '\c' to clear the current input statement.`


```

**说明：** 

*   \-P 大写的P后面跟上端口
    
*   如果是登录本金ip和端口可以省略，如：
    
    ```
    
    
    1.  `mysql -u 用户名  -p`
    
    
    ```
    
*   可以通过上面的命令连接原创机器的mysql
    

### 查看数据库版本

> `mysql --version 或者mysql -V`用于在未登录情况下，查看本机mysql版本：

```


1.  `C:\Windows\system32>mysql -V`
2.  `mysql Ver  14.14  Distrib  5.7.25,  for  Win64  (x86_64)`

4.  `C:\Windows\system32>mysql --version`
5.  `mysql Ver  14.14  Distrib  5.7.25,  for  Win64  (x86_64)`


```

> `select version();`：登录情况下，查看链接的库版本：

```


1.  `mysql>  select version();`
2.  `+------------+`
3.  `| version()  |`
4.  `+------------+`
5.  `|  5.7.25-log |`
6.  `+------------+`
7.  `1 row in  set  (0.00 sec)`


```

### 显示所有数据库：**show databases;**

```


1.  `mysql> show databases;`
2.  `+--------------------+`
3.  `|  Database  |`
4.  `+--------------------+`
5.  `| information_schema |`
6.  `| apolloconfigdb |`
7.  `| apolloportaldb |`
8.  `| config-server |`
9.  `| dblog |`
10.  `| diamond_devtest |`
11.  `| mysql |`
12.  `| nacos_config |`
13.  `| performance_schema |`
14.  `| rs_elastic_job |`
15.  `| rs_master |`
16.  `| seata |`
17.  `| sys |`
18.  `+--------------------+`
19.  `13 rows in  set  (0.00 sec)`


```

### 进入指定的库：**use 库名;**

```


1.  `mysql>  use seata;`
2.  `Database changed`


```

### 显示当前库中所有的表：**show tables;**

```


1.  `mysql> show tables;`
2.  `+--------------------+`
3.  `|  Tables_in_dblog  |`
4.  `+--------------------+`
5.  `| biz_article |`
6.  `| biz_article_look |`
7.  `| biz_article_love |`
8.  `| biz_article_tags |`
9.  `| biz_comment |`
10.  `| biz_file |`
11.  `| biz_tags |`
12.  `| biz_type |`
13.  `| sys_config |`
14.  `| sys_link |`
15.  `| sys_log |`
16.  `| sys_notice |`
17.  `| sys_resources |`
18.  `| sys_role |`
19.  `| sys_role_resources |`
20.  `| sys_template |`
21.  `| sys_update_recorde |`
22.  `| sys_user |`
23.  `| sys_user_role |`
24.  `+--------------------+`
25.  `19 rows in  set  (0.00 sec)`


```

### 查看其他库中所有的表：**show tables from 库名;**

```


1.  `mysql> show tables from seata;`
2.  `+-----------------+`
3.  `|  Tables_in_seata  |`
4.  `+-----------------+`
5.  `| branch_table |`
6.  `| global_table |`
7.  `| lock_table |`
8.  `| t_account |`
9.  `| t_order |`
10.  `| t_storage |`
11.  `| undo_log |`
12.  `+-----------------+`
13.  `7 rows in  set  (0.00 sec)`


```

### 查看表的创建语句：**show create table 表名;**

```


1.  `mysql> show create table biz_tags;`
2.  `+----------+---------------------------------------------------------------------------------------------------------------------------------------------------------------------------------------------------------------------------------------------------------------------------------------------------------------------------------------------------------------------------------------------------------------------------------------------------------------+`
3.  `|  Table  |  Create  Table  |`
4.  `+----------+---------------------------------------------------------------------------------------------------------------------------------------------------------------------------------------------------------------------------------------------------------------------------------------------------------------------------------------------------------------------------------------------------------------------------------------------------------------+`
5.  ``| biz_tags | CREATE TABLE `biz_tags`  (``
6.   `` `id` bigint(20)  unsigned NOT NULL AUTO_INCREMENT,``
7.   `` `name` varchar(50) NOT NULL COMMENT '书签名',``
8.   `` `description` varchar(100) DEFAULT NULL COMMENT '描述',``
9.   `` `create_time` datetime DEFAULT CURRENT_TIMESTAMP COMMENT '添加时间',``
10.   `` `update_time` datetime DEFAULT CURRENT_TIMESTAMP COMMENT '更新时间',``
11.   ``PRIMARY KEY (`id`) USING BTREE``
12.  `) ENGINE=InnoDB AUTO_INCREMENT=21 DEFAULT CHARSET=utf8 ROW_FORMAT=COMPACT |`
13.  `+----------+---------------------------------------------------------------------------------------------------------------------------------------------------------------------------------------------------------------------------------------------------------------------------------------------------------------------------------------------------------------------------------------------------------------------------------------------------------------+`
14.  `1 row in  set  (0.00 sec)`


```

### 查看表结构：**desc 表名;**

```


1.  `mysql> desc biz_tags;`
2.  `+-------------+---------------------+------+-----+-------------------+----------------+`
3.  `|  Field  |  Type  |  Null  |  Key  |  Default  |  Extra  |`
4.  `+-------------+---------------------+------+-----+-------------------+----------------+`
5.  `| id | bigint(20)  unsigned  | NO | PRI | NULL | auto_increment |`
6.  `| name | varchar(50)  | NO |  | NULL |  |`
7.  `| description | varchar(100)  | YES |  | NULL |  |`
8.  `| create_time | datetime | YES |  | CURRENT_TIMESTAMP |  |`
9.  `| update_time | datetime | YES |  | CURRENT_TIMESTAMP |  |`
10.  `+-------------+---------------------+------+-----+-------------------+----------------+`
11.  `5 rows in  set  (0.00 sec)`


```

### 查看当前所在库：**select database();**

```


1.  `C:\Windows\system32>mysql -h localhost -P 3306  -u root -p`
2.  `Enter password:  *******`
3.  `Welcome to the MySQL monitor.  Commands  end  with  ;  or \g.`
4.  `Your  MySQL connection id is  7`
5.  `Server version:  5.7.25-log MySQL  Community  Server  (GPL)`

7.  `Copyright  (c)  2000,  2019,  Oracle  and/or its affiliates.  All rights reserved.`

9.  `Oracle  is a registered trademark of Oracle  Corporation  and/or its`
10.  `affiliates.  Other names may be trademarks of their respective`
11.  `owners.`

13.  `Type  'help;'  or  '\h'  for help.  Type  '\c' to clear the current input statement.`

15.  `mysql>  select database();`
16.  `+------------+`
17.  `| database()  |`
18.  `+------------+`
19.  `| NULL |`
20.  `+------------+`
21.  `1 row in  set  (0.00 sec)`

23.  `mysql>  use dblog;`
24.  `Database changed`
25.  `mysql>  select database();`
26.  `+------------+`
27.  `| database()  |`
28.  `+------------+`
29.  `| dblog |`
30.  `+------------+`
31.  `1 row in  set  (0.00 sec)`


```

### 查看当前mysql支持的存储引擎：SHOW ENGINES;

```


1.  `mysql> SHOW ENGINES;`
2.  `+--------------------+---------+----------------------------------------------------------------+--------------+------+------------+`
3.  `|  Engine  |  Support  |  Comment  |  Transactions  | XA |  Savepoints  |`
4.  `+--------------------+---------+----------------------------------------------------------------+--------------+------+------------+`
5.  `|  InnoDB  | DEFAULT |  Supports transactions, row-level locking,  and foreign keys | YES | YES | YES |`
6.  `| MRG_MYISAM | YES |  Collection of identical MyISAM tables | NO | NO | NO |`
7.  `| MEMORY | YES |  Hash based, stored in memory, useful for temporary tables | NO | NO | NO |`
8.  `| BLACKHOLE | YES |  /dev/null storage engine (anything you write to it disappears)  | NO | NO | NO |`
9.  `|  MyISAM  | YES |  MyISAM storage engine | NO | NO | NO |`
10.  `| CSV | YES | CSV storage engine | NO | NO | NO |`
11.  `| ARCHIVE | YES |  Archive storage engine | NO | NO | NO |`
12.  `| PERFORMANCE_SCHEMA | YES |  Performance  Schema  | NO | NO | NO |`
13.  `| FEDERATED | NO |  Federated  MySQL storage engine | NULL | NULL | NULL |`
14.  `+--------------------+---------+----------------------------------------------------------------+--------------+------+------------+`
15.  `9 rows in  set  (0.00 sec)`


```

### 查看系统变量及其值：SHOW VARIABLES;

### 查看某个系统变量：SHOW VARIABLES like ‘变量名’;

```


1.  `mysql> SHOW VARIABLES like 'wait_timeout';`
2.  `+---------------+-------+`
3.  `|  Variable_name  |  Value  |`
4.  `+---------------+-------+`
5.  `| wait_timeout |  28800  |`
6.  `+---------------+-------+`
7.  `1 row in  set,  1 warning (0.00 sec)`

9.  `mysql> SHOW VARIABLES like '%wait_timeou%t';`
10.  `+--------------------------+----------+`
11.  `|  Variable_name  |  Value  |`
12.  `+--------------------------+----------+`
13.  `| innodb_lock_wait_timeout |  50  |`
14.  `| lock_wait_timeout |  31536000  |`
15.  `| wait_timeout |  28800  |`
16.  `+--------------------------+----------+`
17.  `3 rows in  set,  1 warning (0.00 sec)`


```

mysql语法规范
---------

1.  不区分大小写，但建议关键字大写，表名、列名小写
2.  每条命令最好用英文分号结尾
3.  每条命令根据需要，可以进行缩进或换行
4.  注释
    *   单行注释：#注释文字
    *   单行注释：— 注释文字 ，注意， 这里需要加空格
    *   多行注释：/ _注释文字_ /

SQL的语言分类
--------

*   **DQL（Data Query Language）**：数据查询语言  
    select 相关语句
*   **DML（Data Manipulate Language）**：数据操作语言  
    insert 、update、delete 语句
*   **DDL（Data Define Languge）**：数据定义语言  
    create、drop、alter 语句
*   **TCL（Transaction Control Language）**：事务控制语言  
    set autocommit=0、start transaction、savepoint、commit、rollback

MySQL的数据类型
----------

**主要包括以下五大类**

*   **整数类型**：`bit`、`bool`、`tinyint`、`smallint`、`mediumint`、`int`、`bigint`

*   **浮点数类型**：`float`、`double`、`decimal`

*   **字符串类型**：`char`、`varchar`、`tinyblob`、`blob`、`mediumblob`、`longblob`、`tinytext`、`text`、`mediumtext`、`longtext`

*   **日期类型**：`Date`、`DateTime`、`TimeStamp`、`Time`、`Year`

*   其他数据类型：暂不介绍，用的比较少。

### 整数类型

| 类型                        | 字节数 | 有符号值范围             | 无符号值范围     |
| --------------------------- | ------ | ------------------------ | ---------------- |
| `tinyint[(n)] [unsigned]`   | 1      | \[-$2^7$,$2^7$-1\]       | \[0,$2^{8}$-1\]  |
| `smallint[(n)] [unsigned]`  | 2      | \[-$2^{15}$,$2^{15}$-1\] | \[0,$2^{16}$-1\] |
| `mediumint[(n)] [unsigned]` | 3      | \[-$2^{23}$,$2^{23}$-1\] | \[0,$2^{24}$-1\] |
| `int[(n)] [unsigned]`       | 4      | \[-$2^{31}$,$2^{31}$-1\] | \[0,$2^{32}$-1\] |
| `bigint[(n)] [unsigned]`    | 8      | \[-$2^{63}$,$2^{63}$-1\] | \[0,$2^{64}$-1\] |

上面\[\]包含的内容是可选的，默认是有符号类型的，无符号的需要在类型后面跟上`unsigned`

#### 示例1：有符号类型

```

1.  `mysql> create table demo1(`
2.   `c1 tinyint`
3.   `);`
4.  `Query OK,  0 rows affected (0.01 sec)`

6.  `mysql> insert into demo1 values(-pow(2,7)),(pow(2,7)-1);`
7.  `Query OK,  2 rows affected (0.00 sec)`
8.  `Records:  2  Duplicates:  0  Warnings:  0`

10.  `mysql> select * from demo1;`
11.  `+------+`
12.  `| c1 |`
13.  `+------+`
14.  `|  -128  |`
15.  `|  127  |`
16.  `+------+`
17.  `2 rows in set (0.00 sec)`

19.  `mysql> insert into demo1 values(pow(2,7));`
20.  `ERROR 1264  (22003):  Out of range value for column 'c1' at row 1`


```

demo1表中`c1`字段为tinyint有符号类型的，可以看一下上面的演示，有超出范围报错的。

关于数值对应的范围计算方式属于计算机基础的一些知识，可以去看一下计算机的二进制表示相关的文章。

#### 示例2：无符号类型

```

1.  `mysql> create table demo2(`
2.   `c1 tinyint unsigned`
3.   `);`
4.  `Query OK,  0 rows affected (0.01 sec)`

6.  `mysql> insert into demo2 values (-1);`
7.  `ERROR 1264  (22003):  Out of range value for column 'c1' at row 1`
8.  `mysql> insert into demo2 values (pow(2,8)+1);`
9.  `ERROR 1264  (22003):  Out of range value for column 'c1' at row 1`
10.  `mysql> insert into demo2 values (0),(pow(2,8));`

12.  `mysql> insert into demo2 values (0),(pow(2,8)-1);`
13.  `Query OK,  2 rows affected (0.00 sec)`
14.  `Records:  2  Duplicates:  0  Warnings:  0`

16.  `mysql> select * from demo2;`
17.  `+------+`
18.  `| c1 |`
19.  `+------+`
20.  `|  0  |`
21.  `|  255  |`
22.  `+------+`
23.  `2 rows in set (0.00 sec)`


```

c1是无符号的tinyint类型的，插入了负数会报错。

#### 类型(n)说明

在开发中，我们会碰到有些定义整型的写法是int(11)，这种写法个人感觉在开发过程中没有什么用途，不过还是来说一下，`int(N)`我们只需要记住两点：

*   无论N等于多少，int永远占4个字节
*   **N表示的是显示宽度，不足的用0补足，超过的无视长度而直接显示整个数字，但这要整型设置了unsigned zerofill才有效**

**看一下示例，理解更方便：** 

```

1.  `mysql> CREATE TABLE test3 (`
2.   `` `a`  int,``
3.   `` `b`  int(5),``
4.   `` `c`  int(5)  unsigned,``
5.   `` `d`  int(5) zerofill,``
6.   `` `e`  int(5)  unsigned zerofill,``
7.   `` `f`  int zerofill,``
8.   `` `g`  int  unsigned zerofill``
9.   `);`
10.  `Query OK,  0 rows affected (0.01 sec)`

12.  `mysql> insert into test3 values (1,1,1,1,1,1,1),(11,11,11,11,11,11,11),(12345,12345,12345,12345,12345,12345,12345);`
13.  `Query OK,  3 rows affected (0.00 sec)`
14.  `Records:  3  Duplicates:  0  Warnings:  0`

16.  `mysql> select * from test3;`
17.  `+-------+-------+-------+-------+-------+------------+------------+`
18.  `| a | b | c | d | e | f | g |`
19.  `+-------+-------+-------+-------+-------+------------+------------+`
20.  `|  1  |  1  |  1  |  00001  |  00001  |  0000000001  |  0000000001  |`
21.  `|  11  |  11  |  11  |  00011  |  00011  |  0000000011  |  0000000011  |`
22.  `|  12345  |  12345  |  12345  |  12345  |  12345  |  0000012345  |  0000012345  |`
23.  `+-------+-------+-------+-------+-------+------------+------------+`
24.  `3 rows in set (0.00 sec)`

26.  `mysql> show create table test3;`
27.  `|  Table  |  Create  Table` 
28.  ``| test3 | CREATE TABLE `test3`  (``
29.   `` `a`  int(11) DEFAULT NULL,``
30.   `` `b`  int(5) DEFAULT NULL,``
31.   `` `c`  int(5)  unsigned DEFAULT NULL,``
32.   `` `d`  int(5)  unsigned zerofill DEFAULT NULL,``
33.   `` `e`  int(5)  unsigned zerofill DEFAULT NULL,``
34.   `` `f`  int(10)  unsigned zerofill DEFAULT NULL,``
35.   `` `g`  int(10)  unsigned zerofill DEFAULT NULL``
36.  `) ENGINE=InnoDB DEFAULT CHARSET=utf8`
37.  `1 row in set (0.00 sec)`


```

`show create table test3;`输出了表`test3`的创建语句，和我们原始的创建语句不一致了，原始的`d`字段用的是无符号的，可以看出当使用了`zerofill`自动会将无符号提升为有符号。

**说明：** 

> int(5)输出宽度不满5时，前面用0来进行填充
>
> int(n)中的n省略的时候，**宽度为对应类型无符号最大值的十进制的长度**，如bigint无符号最大值为$2^{64}$-1 = 18,446,744,073,709,551,615‬；长度是20位，来个bigint左边0填充的示例看一下

```

1.  `mysql> CREATE TABLE test4 (`
2.   `` `a` bigint    zerofill``
3.   `);`
4.  `Query OK,  0 rows affected (0.01 sec)`

6.  `mysql> insert into test4 values(1);`
7.  `Query OK,  1 row affected (0.00 sec)`

9.  `mysql>  select  *from test4;`
10.  `+----------------------+`
11.  `| a |`
12.  `+----------------------+`
13.  `|  00000000000000000001  |`
14.  `+----------------------+`
15.  `1 row in  set  (0.00 sec)`


```

上面的结果中1前面补了19个0，和期望的结果一致。

### 浮点类型（容易懵，注意看）

| 类型             | 字节大小                                 | 范围（有符号）                                      | 范围（无符号）                | 用途   |
| ---------------- | ---------------------------------------- | --------------------------------------------------- | ----------------------------- | ------ |
| float\[(m,d)\]   | 4                                        | (-3.402823466E+38,3.402823466351E+38)               | \[0,3.402823466E+38)          | 单精度 |
| 浮点数值         |                                          |                                                     |                               |        |
| double\[(m,d)\]  | 8                                        | (-1.7976931348623157E+308,1.797693134 8623157E+308) | \[0,1.797693134862315 7E+308) | 双精度 |
| 浮点数值         |                                          |                                                     |                               |        |
| decimal\[(m,d)\] | 对DECIMAL(M,D) ，如果M>D，为M+2否则为D+2 | 依赖于M和D的值                                      | 依赖于M和D的值                | 小数值 |

float数值类型用于表示单精度浮点数值，而double数值类型用于表示双精度浮点数值，float和double都是浮点型，而decimal是定点型。

浮点型和定点型可以用类型名称后加（M，D）来表示，M表示该值的总共长度，D表示小数点后面的长度，M和D又称为精度和标度。

float和double在不指定精度时，默认会按照实际的精度来显示，而DECIMAL在不指定精度时，默认整数为10，小数为0。

#### 示例1(重点)

```

1.  `mysql> create table test5(a float(5,2),b double(5,2),c decimal(5,2));`
2.  `Query OK,  0 rows affected (0.01 sec)`

4.  `mysql> insert into test5 values (1,1,1),(2.1,2.1,2.1),(3.123,3.123,3.123),(4.125,4.125,4.125),(5.115,5.115,5.115),(6.126,6.126,6.126),(7.116,7.116,7.116),(8.1151,8.1151,8.1151),(9.1251,9.1251,9.1251),(10.11501,10.11501,10.11501),(11.12501,11.12501,11.12501);`
5.  `Query OK,  7 rows affected,  5 warnings (0.01 sec)`
6.  `Records:  7  Duplicates:  0  Warnings:  5`

8.  `mysql> select * from test5;`
9.  `+-------+-------+-------+`
10.  `| a | b | c |`
11.  `+-------+-------+-------+`
12.  `|  1.00  |  1.00  |  1.00  |`
13.  `|  2.10  |  2.10  |  2.10  |`
14.  `|  3.12  |  3.12  |  3.12  |`
15.  `|  4.12  |  4.12  |  4.13  |`
16.  `|  5.12  |  5.12  |  5.12  |`
17.  `|  6.13  |  6.13  |  6.13  |`
18.  `|  7.12  |  7.12  |  7.12  |`
19.  `|  8.12  |  8.12  |  8.12  |`
20.  `|  9.13  |  9.13  |  9.13  |`
21.  `|  10.12  |  10.12  |  10.12  |`
22.  `|  11.13  |  11.13  |  11.13  |`
23.  `+-------+-------+-------+`
24.  `11 rows in set (0.00 sec)`


```

**结果说明（注意看）：** 

> c是decimal类型，认真看一下输入和输出，发现**decimal采用的是四舍五入**
>
> 认真看一下`a`和`b`的输入和输出，尽然不是四舍五入，一脸闷逼，float和double采用的是**四舍六入五成双**
>
> decimal插入的数据超过精度之后会触发警告。

**什么是四舍六入五成双？**

> 就是5以下舍弃5以上进位，如果需要处理数字为5的时候，需要看5后面是否还有不为0的任何数字，如果有，则直接进位，如果没有，需要看5前面的数字，若是奇数则进位，若是偶数则将5舍掉

#### 示例2

我们将浮点类型的（M,D）精度和标度都去掉，看看效果：

```

1.  `mysql> create table test6(a float,b double,c decimal);`
2.  `Query OK,  0 rows affected (0.02 sec)`

4.  `mysql> insert into test6 values (1,1,1),(1.234,1.234,1.4),(1.234,0.01,1.5);`
5.  `Query OK,  3 rows affected,  2 warnings (0.00 sec)`
6.  `Records:  3  Duplicates:  0  Warnings:  2`

8.  `mysql> select * from test6;`
9.  `+-------+-------+------+`
10.  `| a | b | c |`
11.  `+-------+-------+------+`
12.  `|  1  |  1  |  1  |`
13.  `|  1.234  |  1.234  |  1  |`
14.  `|  1.234  |  0.01  |  2  |`
15.  `+-------+-------+------+`
16.  `3 rows in set (0.00 sec)`


```

**说明：** 

> a和b的数据正确插入，而c被截断了
>
> 浮点数float、double如果不写精度和标度，则会按照实际显示
>
> decimal不写精度和标度，小数点后面的会进行四舍五入，并且插入时会有警告!

**再看一下下面代码：** 

```

1.  `mysql>  select sum(a),sum(b),sum(c)  from test5;`
2.  `+--------+--------+--------+`
3.  `| sum(a)  | sum(b)  | sum(c)  |`
4.  `+--------+--------+--------+`
5.  `|  67.21  |  67.21  |  67.22  |`
6.  `+--------+--------+--------+`
7.  `1 row in  set  (0.00 sec)`

9.  `mysql>  select sum(a),sum(b),sum(c)  from test6;`
10.  `+--------------------+--------------------+--------+`
11.  `| sum(a)  | sum(b)  | sum(c)  |`
12.  `+--------------------+--------------------+--------+`
13.  `|  3.4679999351501465  |  2.2439999999999998  |  4  |`
14.  `+--------------------+--------------------+--------+`
15.  `1 row in  set  (0.00 sec)`


```

从上面sum的结果可以看出`float`、`double`会存在精度问题，`decimal`精度正常的，比如银行对统计结果要求比较精准的建议使用`decimal`。

### 日期类型

| 类型      | 字节大小         | 范围                                                         | 格式                                                         | 用途                     |
| --------- | ---------------- | ------------------------------------------------------------ | ------------------------------------------------------------ | ------------------------ |
| DATE      | 3                | 1000-01-01/9999-12-31                                        | YYYY-MM-DD                                                   | 日期值                   |
| TIME      | 3                | ‘-838:59:59’/‘838:59:59’                                     | HH![](https://www.webpagefx.com/tools/emoji-cheat-sheet/graphics/emojis/MM.png) |                          |
| SS        | 时间值或持续时间 |                                                              |                                                              |                          |
| YEAR      | 1                | 1901/2155                                                    | YYYY                                                         | 年份值                   |
| DATETIME  | 8                | 1000-01-01 00:00:00/9999-12-31 23:59:59                      | YYYY-MM-DD HH![](https://www.webpagefx.com/tools/emoji-cheat-sheet/graphics/emojis/MM.png) |                          |
| SS        | 混合日期和时间值 |                                                              |                                                              |                          |
| TIMESTAMP | 4                | 1970-01-01 00:00:00/2038结束时间是第 **2147483647** 秒，北京时间 **2038-1-19 11:14:07**，格林尼治时间 2038年1月19日 凌晨 03:14:07 | YYYYMMDD HHMMSS                                              | 混合日期和时间值，时间戳 |

### 字符串类型

| 类型       | 范围                             | 存储所需字节 | 说明                            |
| ---------- | -------------------------------- | ------------ | ------------------------------- |
| char(M)    | \[0,m\]，m的范围\[0,$2^8$-1\]    | m            | 定产字符串                      |
| varchar(M) | \[0,m\]，m的范围\[0,$2^{16}$-1\] | m            | 0-65535 字节                    |
| tinyblob   | 0-255($2^8$-1)字节               | L+1          | 不超过 255 个字符的二进制字符串 |
| blob       | 0-65535($2^{16}$-1)字节          | L+2          | 二进制形式的长文本数据          |
| mediumblob | 0-16777215($2^{24}$-1)字节       | L+3          | 二进制形式的中等长度文本数据    |
| longblob   | 0-4294967295($2^{32}$-1)字节     | L+4          | 二进制形式的极大文本数据        |
| tinytext   | 0-255($2^{8}$-1)字节             | L+1          | 短文本字符串                    |
| text       | 0-65535($2^{16}$-1)字节          | L+2          | 长文本数据                      |
| mediumtext | 0-16777215($2^{24}$-1)字节       | L+3          | 中等长度文本数据                |
| longtext   | 0-4294967295($2^{32}$-1)字节     | L+4          | 极大文本数据                    |

char类型占用固定长度，如果存放的数据为固定长度的建议使用char类型，如：手机号码、身份证等固定长度的信息。

表格中的L表示存储的数据本身占用的字节，L 以外所需的额外字节为存放该值的长度所需的字节数。

MySQL 通过存储值的内容及其长度来处理可变长度的值，这些额外的字节是无符号整数。

请注意，可变长类型的最大长度、此类型所需的额外字节数以及占用相同字节数的无符号整数之间的对应关系：

> 例如，MEDIUMBLOB 值可能最多$2^{24}$ - 1字节长并需要3 个字节记录其长度，3 个字节的整数类型MEDIUMINT 的最大无符号值为$2^{24}$ - 1。

### mysql类型和java类型对应关系

| **MySQL Type Name**             | **Return value ofGetColumnClassName** | **Returned as Java Class**                                   |
| ------------------------------- | ------------------------------------- | ------------------------------------------------------------ |
| BIT(1) (new in MySQL-5.0)       | BIT                                   | `java.lang.Boolean`                                          |
| BIT( > 1) (new in MySQL-5.0)    | BIT                                   | `byte[]`                                                     |
| TINYINT                         | TINYINT                               | `java.lang.Boolean` if the configuration property `tinyInt1isBit` is set to `true`(the default) and the storage size is 1, or`java.lang.Integer` if not. |
| BOOL, BOOLEAN                   | TINYINT                               | See TINYINT, above as these are aliases forTINYINT(1), currently. |
| SMALLINT\[(M)\] \[UNSIGNED\]    | SMALLINT \[UNSIGNED\]                 | `java.lang.Integer` (regardless if UNSIGNED or not)          |
| MEDIUMINT\[(M)\] \[UNSIGNED\]   | MEDIUMINT \[UNSIGNED\]                | `java.lang.Integer,` if UNSIGNED`java.lang.Long`             |
| INT,INTEGER\[(M)\] \[UNSIGNED\] | INTEGER \[UNSIGNED\]                  | `java.lang.Integer`, if UNSIGNED`java.lang.Long`             |
| BIGINT\[(M)\] \[UNSIGNED\]      | BIGINT \[UNSIGNED\]                   | `java.lang.Long`, if UNSIGNED`java.math.BigInteger`          |
| FLOAT\[(M,D)\]                  | FLOAT                                 | `java.lang.Float`                                            |
| DOUBLE\[(M,B)\]                 | DOUBLE                                | `java.lang.Double`                                           |
| DECIMAL\[(M\[,D\])\]            | DECIMAL                               | `java.math.BigDecimal`                                       |
| DATE                            | DATE                                  | `java.sql.Date`                                              |
| DATETIME                        | DATETIME                              | `java.sql.Timestamp`                                         |
| TIMESTAMP\[(M)\]                | TIMESTAMP                             | `java.sql.Timestamp`                                         |
| TIME                            | TIME                                  | `java.sql.Time`                                              |
| YEAR\[(2\\                      | 4)\]                                  | YEAR                                                         |
| CHAR(M)                         | CHAR                                  | `java.lang.String` (unless the character set for the column is BINARY, then `byte[]`is returned. |
| VARCHAR(M) \[BINARY\]           | VARCHAR                               | `java.lang.String` (unless the character set for the column is BINARY, then `byte[]`is returned. |
| BINARY(M)                       | BINARY                                | `byte[]`                                                     |
| VARBINARY(M)                    | VARBINARY                             | `byte[]`                                                     |
| TINYBLOB                        | TINYBLOB                              | `byte[]`                                                     |
| TINYTEXT                        | VARCHAR                               | `java.lang.String`                                           |
| BLOB                            | BLOB                                  | `byte[]`                                                     |
| TEXT                            | VARCHAR                               | `java.lang.String`                                           |
| MEDIUMBLOB                      | MEDIUMBLOB                            | `byte[]`                                                     |
| MEDIUMTEXT                      | VARCHAR                               | `java.lang.String`                                           |
| LONGBLOB                        | LONGBLOB                              | `byte[]`                                                     |
| LONGTEXT                        | VARCHAR                               | `java.lang.String`                                           |
| ENUM(‘value1’,’value2’,…)       | CHAR                                  | `java.lang.String`                                           |
| SET(‘value1’,’value2’,…)        | CHAR                                  | `java.lang.String`                                           |

### 数据类型选择的一些建议

*   **选小不选大**：一般情况下选择可以正确存储数据的最小数据类型，越小的数据类型通常更快，占用磁盘，内存和CPU缓存更小。
*   **简单就好**：简单的数据类型的操作通常需要更少的CPU周期，例如：整型比字符操作代价要小得多，因为字符集和校对规则(排序规则)使字符比整型比较更加复杂。
*   **尽量避免NULL**：尽量制定列为NOT NULL，除非真的需要NULL类型的值，有NULL的列值会使得索引、索引统计和值比较更加复杂。
*   **浮点类型的建议统一选择decimal**
*   **记录时间的建议使用int或者bigint类型，将时间转换为时间戳格式，如将时间转换为秒、毫秒，进行存储，方便走索引**

Mysql权限工作原理
-----------

**mysql是如何来识别一个用户的呢？**

mysql为了安全性考虑，采用`主机名+用户名`来判断一个用户的身份，因为在互联网中很难通过用户名来判断一个用户的身份，但是我们可以通过ip或者主机名判断一台机器，某个用户通过这个机器过来的，我们可以识别为一个用户，所以**mysql中采用用户名+主机名来识别用户的身份**。当一个用户对mysql发送指令的时候，mysql就是通过用户名和来源（主机）来断定用户的权限。

**Mysql权限验证分为2个阶段：** 

1.  阶段1：连接数据库，此时mysql会根据你的用户名及你的来源（ip或者主机名称）判断是否有权限连接
2.  阶段2：对mysql服务器发起请求操作，如create table、select、delete、update、create index等操作，此时mysql会判断你是否有权限操作这些指令

### 权限生效时间

用户及权限信息放在库名为mysql的库中，mysql启动时，这些内容被读进内存并且从此时生效，所以如果通过直接操作这些表来修改用户及权限信息的，需要`重启mysql`或者执行`flush privileges;`才可以生效。

用户登录之后，mysql会和当前用户之间创建一个连接，此时用户相关的权限信息都保存在这个连接中，存放在内存中，此时如果有其他地方修改了当前用户的权限，这些变更的权限会在下一次登录时才会生效。

### 查看mysql中所有用户

用户信息在`mysql.user`表中，如下：

```

1.  `mysql> use mysql;`
2.  `Database changed`
3.  `mysql> select user,host from user;`
4.  `+---------------+--------------+`
5.  `| user | host |`
6.  `+---------------+--------------+`
7.  `| test4 |  127.0.0.%  |`
8.  `| test4 |  192.168.11.%  |`
9.  `| mysql.session | localhost |`
10.  `| mysql.sys | localhost |`
11.  `| root | localhost |`
12.  `| test2 | localhost |`
13.  `+---------------+--------------+`
14.  `6 rows in set (0.00 sec)`


```

### 创建用户

**语法：** 

```

1.  `create user 用户名[@主机名]  [identified by '密码'];`


```

> 说明：
>
> 1.  主机名默认值为%，表示这个用户可以从任何主机连接mysql服务器
> 2.  密码可以省略，表示无密码登录

**示例1：不指定主机名**

> 不指定主机名时，表示这个用户可以从任何主机连接mysql服务器

```

1.  `mysql> use mysql;`
2.  `Database changed`

4.  `mysql> select user,host from user;`
5.  `+---------------+-----------+`
6.  `| user | host |`
7.  `+---------------+-----------+`
8.  `| mysql.session | localhost |`
9.  `| mysql.sys | localhost |`
10.  `| root | localhost |`
11.  `+---------------+-----------+`
12.  `3 rows in set (0.00 sec)`

14.  `mysql> create user test1;`
15.  `Query OK,  0 rows affected (0.00 sec)`

17.  `mysql> select user,host from user;`
18.  `+---------------+-----------+`
19.  `| user | host |`
20.  `+---------------+-----------+`
21.  `| test1 |  %  |`
22.  `| mysql.session | localhost |`
23.  `| mysql.sys | localhost |`
24.  `| root | localhost |`
25.  `+---------------+-----------+`
26.  `4 rows in set (0.00 sec)`

28.  `mysql> exit`
29.  `Bye`

31.  `C:\Users\Think>mysql -utest1`
32.  `Welcome to the MySQL monitor.  Commands end with ; or \g.`
33.  `Your  MySQL connection id is 49`
34.  `Server version:  5.7.25-log MySQL  Community  Server  (GPL)`

36.  `Copyright  (c)  2000,  2019,  Oracle and/or its affiliates.  All rights reserved.`

38.  `Oracle is a registered trademark of Oracle  Corporation and/or its`
39.  `affiliates.  Other names may be trademarks of their respective`
40.  `owners.`

42.  `Type  'help;' or '\h'  for help.  Type  '\c' to clear the current input statement.`


```

上面创建了用户名为`test1`无密码的用户，没有指定主机，可以看出host的默认值为`%`，表示`test1`可以从任何机器登录到mysql中。

用户创建之后可以在`mysql`库中通过 `select user,host from user;`查看到。

**其他示例**

```

1.  `create user 'test2'@'localhost' identified by '123';`


```

说明：test2的主机为localhost表示本机，此用户只能登陆本机的mysql

```

1.  `create user 'test3'@% identified by '123';`


```

说明：test3可以从任何机器连接到mysql服务器

```

1.  `create user 'test4'@'192.168.11.%' identified by '123';`


```

说明：test4可以从192.168.11段的机器连接mysql

### 修改密码【3种方式】

**方式1：通过管理员修改密码**

```

1.  `SET PASSWORD FOR '用户名'@'主机'  = PASSWORD('密码');`


```

**方式2：create user 用户名\[@主机名\] \[identified by ‘密码’\];**

```

1.  `set password = password('密码');`


```

**方式3：通过修改mysql.user表修改密码**

```

1.  `use mysql;`
2.  `update user set authentication_string = password('321') where user =  'test1' and host =  '%';`
3.  `flush privileges;`


```

**注意：** 

**通过表的方式修改之后，需要执行`flush privileges;`才能对用户生效。** 

**5.7中user表中的authentication\_string字段表示密码，老的一些版本中密码字段是password。** 

### 给用户授权

创建用户之后，需要给用户授权，才有意义。

**语法：** 

```

1.  `grant privileges ON database.table TO 'username'[@'host']  [with grant option]`


```

**grant命令说明：** 

*   priveleges (权限列表)，可以是`all`，表示所有权限，也可以是`select、update`等权限，多个权限之间用逗号分开。
*   ON 用来指定权限针对哪些库和表，格式为`数据库.表名` ，点号前面用来指定数据库名，点号后面用来指定表名，`*.*` 表示所有数据库所有表。
*   TO 表示将权限赋予某个用户, 格式为`username@host`，@前面为用户名，@后面接限制的主机，可以是IP、IP段、域名以及%，%表示任何地方。
*   WITH GRANT OPTION 这个选项表示该用户可以将自己拥有的权限授权给别人。注意：经常有人在创建操作用户的时候不指定WITH GRANT OPTION选项导致后来该用户不能使用GRANT命令创建用户或者给其它用户授权。  
    _备注：可以使用GRANT重复给用户添加权限，权限叠加，比如你先给用户添加一个select权限，然后又给用户添加一个insert权限，那么该用户就同时拥有了select和insert权限。_

**示例：** 

```

1.  `grant all on *.* to 'test1'@‘%’;`


```

说明：给test1授权可以操作所有库所有权限，相当于dba

```

1.  `grant select on seata.* to 'test1'@'%';`


```

说明：test1可以对seata库中所有的表执行select

```

1.  `grant select,update on seata.* to 'test1'@'%';`


```

说明：test1可以对seata库中所有的表执行select、update

```

1.  `grant select(user,host) on mysql.user to 'test1'@'localhost';`


```

说明：test1用户只能查询mysql.user表的user,host字段

### 查看用户有哪些权限

**show grants for ‘用户名’\[@’主机’\]**

主机可以省略，默认值为%，示例：

```

1.  `mysql> show grants for  'test1'@'localhost';`
2.  `+--------------------------------------------------------------------+`
3.  `|  Grants  for test1@localhost |`
4.  `+--------------------------------------------------------------------+`
5.  `| GRANT USAGE ON *.* TO 'test1'@'localhost'  |`
6.  ``| GRANT SELECT (host, user) ON `mysql`.`user` TO 'test1'@'localhost'  |``
7.  `+--------------------------------------------------------------------+`
8.  `2 rows in set (0.00 sec)`


```

**show grants;**

查看当前用户的权限，如：

```

1.  `mysql> show grants;`
2.  `+---------------------------------------------------------------------+`
3.  `|  Grants  for root@localhost |`
4.  `+---------------------------------------------------------------------+`
5.  `| GRANT ALL PRIVILEGES ON *.* TO 'root'@'localhost' WITH GRANT OPTION |`
6.  ``| GRANT ALL PRIVILEGES ON `test`.* TO 'root'@'localhost'  |``
7.  ``| GRANT DELETE ON `seata`.* TO 'root'@'localhost'  |``
8.  `| GRANT PROXY ON ''@'' TO 'root'@'localhost' WITH GRANT OPTION |`
9.  `+---------------------------------------------------------------------+`
10.  `4 rows in set (0.00 sec)`


```

### 撤销用户的权限

**语法**

```

1.  `revoke privileges ON database.table FROM '用户名'[@'主机'];`


```

可以先通过`show grants`命令查询一下用户对于的权限，然后使用`revoke`命令撤销用户对应的权限，示例：

```

1.  `mysql> show grants for  'test1'@'localhost';`
2.  `+--------------------------------------------------------------------+`
3.  `|  Grants  for test1@localhost |`
4.  `+--------------------------------------------------------------------+`
5.  `| GRANT USAGE ON *.* TO 'test1'@'localhost'  |`
6.  ``| GRANT SELECT (host, user) ON `mysql`.`user` TO 'test1'@'localhost'  |``
7.  `+--------------------------------------------------------------------+`
8.  `2 rows in set (0.00 sec)`

10.  `mysql> revoke select(host) on mysql.user from test1@localhost;`
11.  `Query OK,  0 rows affected (0.00 sec)`

13.  `mysql> show grants for  'test1'@'localhost';`
14.  `+--------------------------------------------------------------+`
15.  `|  Grants  for test1@localhost |`
16.  `+--------------------------------------------------------------+`
17.  `| GRANT USAGE ON *.* TO 'test1'@'localhost'  |`
18.  ``| GRANT SELECT (user) ON `mysql`.`user` TO 'test1'@'localhost'  |``
19.  `+--------------------------------------------------------------+`
20.  `2 rows in set (0.00 sec)`


```

上面我们先通过`grants`命令查看test1的权限，然后调用revoke命令撤销对`mysql.user`表`host`字段的查询权限，最后又通过grants命令查看了test1的权限，和预期结果一致。

### 删除用户【2种方式】

**方式1：** 

**drop user ‘用户名’\[@‘主机’\]**，示例：

```

1.  `mysql> drop user test1@localhost;`
2.  `Query OK,  0 rows affected (0.00 sec)`


```

drop的方式删除用户之后，用户下次登录就会起效。

**方式2：** 

通过删除mysql.user表数据的方式删除，如下：

```

1.  `delete from user where user='用户名' and host='主机';`
2.  `flush privileges;`


```

注意通过表的方式删除的，需要调用`flush privileges;`刷新权限信息（权限启动的时候在内存中保存着，通过表的方式修改之后需要刷新一下）。

### 授权原则说明

*   只授予能满足需要的最小权限，防止用户干坏事，比如用户只是需要查询，那就只给select权限就可以了，不要给用户赋予update、insert或者delete权限
*   创建用户的时候限制用户的登录主机，一般是限制成指定IP或者内网IP段
*   初始化数据库的时候删除没有密码的用户，安装完数据库的时候会自动创建一些用户，这些用户默认没有密码
*   为每个用户设置满足密码复杂度的密码
*   定期清理不需要的用户，回收权限或者删除用户

### 总结

1.  通过命令的方式操作用户和权限不需要刷新，下次登录自动生效
2.  通过操作mysql库中表的方式修改、用户信息，需要调用`flush privileges;`刷新一下，下次登录自动生效
3.  mysql识别用户身份的方式是：用户名+主机
4.  本文中讲到的一些指令中带主机的，主机都可以省略，默认值为%，表示所有机器
5.  mysql中用户和权限的信息在库名为mysql的库中

